loss,acc,val_loss,val_acc
0.2249,0.9291,0.1499,0.9354
0.1367,0.9433,0.2637,0.905
0.1137,0.9599,0.0993,0.963
0.0983,0.9626,0.0790,0.9775
0.0966,0.9642,0.0553,0.986
0.0892,0.9696,0.0670,0.9779
0.0892,0.9686,0.0603,0.9815
0.0809,0.9711,0.0568,0.9825
0.0768,0.9743,0.0680,0.976
0.0734,0.9753,0.0452,0.987
0.0702,0.9774,0.0531,0.9835
0.0755,0.9751,0.0577,0.9785
0.0683,0.9771,0.0417,0.986
0.0649,0.9788,0.0408,0.9845
0.0619,0.9783,0.0441,0.9845
0.0619,0.9781,0.0454,0.987
0.0622,0.9793,0.0396,0.9875
0.0561,0.9798,0.0414,0.988
0.0662,0.9766,0.0446,0.9875
0.0482,0.9838,0.0444,0.9865
0.0554,0.9818,0.0346,0.9885
0.0525,0.983,0.0358,0.9865
0.0512,0.9809,0.0443,0.9865
0.0512,0.9826,0.0387,0.988
0.0542,0.9808,0.0444,0.986
0.0470,0.9835,0.0437,0.9869
0.0467,0.9831,0.0396,0.989
0.0466,0.9841,0.0334,0.9915
0.0467,0.9845,0.0444,0.9885
0.0448,0.9843,0.0309,0.989
0.0454,0.9831,0.0381,0.9865
0.0412,0.9865,0.0316,0.9905
0.0458,0.9863,0.0273,0.9915
0.0430,0.9851,0.0365,0.9885
0.0420,0.9851,0.0332,0.991
0.0392,0.9871,0.0425,0.988
0.0435,0.9853,0.0511,0.9865
0.0451,0.9838,0.0351,0.9905
0.0378,0.987,0.0426,0.9889
0.0405,0.9865,0.0319,0.9905
0.0476,0.9841,0.0334,0.9885
0.0371,0.9876,0.0346,0.989
0.0419,0.9865,0.0389,0.9895
0.0431,0.9858,0.0337,0.987
0.0384,0.9855,0.0281,0.993
0.0445,0.9848,0.0339,0.9895
0.0361,0.989,0.0256,0.9905
0.0393,0.986,0.0253,0.9915
0.0347,0.989,0.0295,0.991
0.0350,0.9883,0.0326,0.99
0.0352,0.9866,0.0307,0.9905
0.0362,0.987,0.0330,0.99
0.0378,0.987,0.0294,0.9905
0.0355,0.9876,0.0312,0.989
0.0360,0.9871,0.0311,0.99
0.0329,0.99,0.0265,0.9924
0.0366,0.9865,0.0342,0.9894
0.0414,0.9861,0.0281,0.9935
0.0360,0.9876,0.0240,0.9915
0.0374,0.988,0.0373,0.9895
0.0347,0.9878,0.0400,0.9885
0.0329,0.9895,0.0326,0.991
0.0284,0.9893,0.0269,0.992
0.0333,0.9898,0.0374,0.988
0.0300,0.99,0.0298,0.9915
0.0354,0.9873,0.0281,0.9895
0.0394,0.9858,0.0249,0.992
0.0318,0.9881,0.0307,0.9885
0.0349,0.9898,0.0289,0.991
0.0336,0.9891,0.0323,0.989
0.0301,0.9896,0.0318,0.9895
0.0274,0.99,0.0240,0.9935
0.0311,0.9886,0.0267,0.9915
0.0336,0.988,0.0266,0.994
0.0314,0.9901,0.0242,0.993
0.0297,0.9895,0.0332,0.9875
0.0338,0.9871,0.0321,0.988
0.0288,0.99,0.0279,0.9915
0.0325,0.9901,0.0300,0.991
0.0300,0.9891,0.0347,0.989
0.0352,0.9878,0.0310,0.993
0.0261,0.9913,0.0288,0.99
0.0310,0.9881,0.0272,0.9925
0.0317,0.989,0.0246,0.9915
0.0367,0.9888,0.0300,0.9905
0.0322,0.9888,0.0372,0.991
0.0268,0.9893,0.0290,0.9915
0.0278,0.9896,0.0275,0.9925
0.0251,0.9915,0.0254,0.993
0.0286,0.9905,0.0278,0.994
0.0271,0.9906,0.0276,0.991
0.0291,0.989,0.0303,0.9915
0.0280,0.9916,0.0288,0.99
0.0313,0.9898,0.0294,0.9905
0.0310,0.9895,0.0347,0.989
0.0289,0.9908,0.0238,0.994
0.0293,0.9896,0.0270,0.994
0.0379,0.987,0.0220,0.992
0.0299,0.9903,0.0317,0.99
0.0263,0.9903,0.0360,0.987
0.0290,0.9903,0.0409,0.989
0.0262,0.9908,0.0275,0.9935
0.0261,0.9911,0.0316,0.9915
0.0291,0.9898,0.0367,0.9915
0.0221,0.993,0.0374,0.9895
0.0270,0.9906,0.0294,0.992
0.0256,0.9916,0.0987,0.9775
0.0335,0.9891,0.0283,0.991
0.0272,0.9898,0.0337,0.9905
0.0235,0.9915,0.0266,0.9925
0.0275,0.9908,0.0226,0.993
0.0285,0.9913,0.0318,0.9895
0.0229,0.9916,0.0510,0.986
0.0234,0.9931,0.0344,0.9905
0.0249,0.992,0.0335,0.989
0.0272,0.9905,0.0309,0.992
0.0287,0.9915,0.0356,0.9885
0.0311,0.9898,0.0340,0.989
0.0282,0.991,0.0341,0.99
0.0225,0.992,0.0296,0.9905
0.0224,0.9916,0.0326,0.991
0.0244,0.9916,0.0297,0.99
0.0230,0.992,0.0262,0.9925
0.0255,0.9906,0.0335,0.989
0.0250,0.9913,0.0301,0.991
0.0279,0.9903,0.0271,0.9915
0.0238,0.9905,0.0319,0.99
0.0288,0.9915,0.0406,0.9894
0.0301,0.9901,0.0324,0.9914
0.0266,0.9898,0.0251,0.9935
0.0249,0.992,0.0210,0.994
0.0196,0.993,0.0265,0.991
0.0219,0.9918,0.0295,0.9925
0.0211,0.9928,0.0346,0.991
0.0200,0.9923,0.0276,0.9905
0.0207,0.9933,0.0481,0.9885
0.0230,0.9928,0.0300,0.9915
0.0272,0.991,0.0221,0.992
0.0248,0.9913,0.0267,0.991
0.0208,0.992,0.0338,0.992
0.0275,0.9903,0.0291,0.99
0.0261,0.9911,0.0337,0.9905
0.0266,0.9896,0.0263,0.992
0.0324,0.9901,0.0259,0.9904
0.0315,0.9891,0.0291,0.991
0.0226,0.9925,0.0390,0.9905
0.0223,0.992,0.0301,0.992
0.0212,0.9923,0.0290,0.991
0.0208,0.9925,0.0225,0.992
0.0204,0.9925,0.0341,0.9925
0.0227,0.9913,0.0241,0.9925
0.0260,0.9898,0.0305,0.991
0.0209,0.9921,0.0327,0.9915
0.0225,0.9928,0.0310,0.9925
0.0200,0.9925,0.0312,0.9915
0.0209,0.9918,0.0311,0.992
0.0260,0.9918,0.0213,0.995
0.0259,0.9916,0.0271,0.9905
0.0179,0.9937,0.0329,0.9905
0.0228,0.9926,0.0244,0.9915
0.0240,0.9918,0.0234,0.9915
0.0180,0.9932,0.0357,0.9889
0.0282,0.992,0.0238,0.992
0.0205,0.991,0.0388,0.9905
0.0216,0.9925,0.0321,0.9904
0.0220,0.993,0.0292,0.99
0.0235,0.9918,0.0271,0.9935
0.0208,0.9923,0.0342,0.991
0.0221,0.993,0.0245,0.992
0.0196,0.9938,0.0237,0.9915
0.0216,0.993,0.0221,0.9929
0.0252,0.9915,0.0272,0.9915
0.0221,0.9926,0.0223,0.9915
0.0217,0.9923,0.0387,0.986
0.0241,0.9915,0.0255,0.992
0.0362,0.9906,0.0275,0.9925
0.0259,0.9896,0.0284,0.991
0.0151,0.995,0.0300,0.9925
0.0199,0.9928,0.0226,0.9925
0.0218,0.9928,0.0272,0.9945
0.0192,0.9933,0.0297,0.9925
0.0159,0.9945,0.0305,0.9915
0.0275,0.9916,0.0293,0.992
0.0239,0.9923,0.0350,0.989
0.0218,0.9921,0.0427,0.9865
0.0185,0.9937,0.0345,0.9925
0.0245,0.991,0.0312,0.9915
0.0188,0.9937,0.0269,0.994
0.0209,0.9923,0.0356,0.99
0.0204,0.9931,0.0244,0.9925
0.0204,0.992,0.0295,0.9925
0.0178,0.9921,0.0237,0.9935
0.0175,0.9942,0.0360,0.991
0.0235,0.9916,0.0348,0.991
0.0217,0.9928,0.0280,0.9925
0.0390,0.9913,0.0282,0.9925
0.0189,0.9938,0.0218,0.994
0.0183,0.9933,0.0308,0.992
0.0184,0.9947,0.0291,0.9905
0.0193,0.9942,0.0269,0.9915
